,Y
5501,0
28857,0
11272,0
8206,0
6362,1
21775,1
20284,0
18980,0
9264,0
13544,0
6813,0
28111,0
4974,0
27278,0
8964,0
29495,0
8532,0
5090,0
14288,0
22804,0
21712,0
197,0
8846,0
9679,0
652,0
23959,0
767,0
26850,1
11072,0
6831,0
17527,0
15738,0
22407,0
14979,1
15603,1
3700,0
19186,0
21551,0
21637,0
26052,0
25364,0
28419,0
6768,1
2884,0
21079,0
5033,0
26867,1
4946,1
11819,0
18489,0
3481,0
9170,0
25900,0
21628,0
26227,0
10235,0
14007,0
23742,1
17484,0
20044,0
9237,0
21133,0
29032,0
17009,0
15345,0
29642,0
18561,0
26313,1
6389,0
12543,0
15639,1
87,1
25126,0
488,0
2423,0
2328,0
15429,0
2969,0
13292,1
6719,0
25296,0
12794,0
24077,0
28211,0
18852,1
11696,0
29903,0
18754,0
9948,0
20440,1
17863,1
10672,0
24214,0
6895,1
11032,1
2766,0
16522,1
24635,0
25318,0
21239,0
20861,0
13430,0
1143,0
22303,0
742,0
29928,0
9359,0
9465,0
28274,0
19724,0
27281,0
10525,1
3844,0
23473,0
22541,0
3218,0
3752,0
26101,0
14158,0
18943,0
15715,0
24271,0
17293,0
28470,0
25003,0
430,0
3119,0
5254,0
19884,0
70,0
5222,1
15509,0
29271,1
10000,0
18882,0
14526,0
7803,1
9983,0
21986,1
12427,0
4924,0
12159,0
26694,0
8902,0
5091,0
27425,1
596,0
20505,1
22905,0
9136,0
9823,0
24957,0
5575,1
2376,1
3351,1
11730,0
11683,0
10602,0
28435,0
24679,0
7472,0
18883,0
28639,0
13821,0
311,0
12598,1
12005,0
3030,0
14336,0
14230,0
1678,0
18594,0
23632,0
21595,0
9816,0
19661,1
8627,0
7769,1
16779,0
27323,0
23402,1
12738,0
14516,0
23853,1
12735,1
11478,1
4728,1
3764,0
28108,0
24510,0
8831,0
23362,1
26411,0
2524,0
8201,0
20994,1
1639,1
4606,0
18684,0
7909,0
25663,0
91,1
10232,0
9959,0
20635,0
23586,0
29764,0
8360,0
17522,0
28289,0
18789,0
25419,1
26949,0
3053,0
24471,0
26255,0
13875,0
13021,1
661,0
26974,0
28765,0
29828,1
1116,0
4126,0
14800,0
12927,0
8827,0
29738,1
27848,0
26676,0
5305,1
17306,0
25935,0
21546,0
20371,1
10162,0
16129,1
2284,0
590,0
29809,1
18802,0
616,0
6204,0
26790,0
913,0
466,1
5327,0
17002,1
16583,1
8307,0
9082,0
4617,0
21839,1
25633,0
26035,1
15002,0
20405,0
1534,0
16645,1
6074,1
5816,1
2270,0
16775,0
23128,0
9204,0
18046,0
7839,0
2092,0
21553,0
27142,0
527,0
23894,0
16027,1
25008,1
27823,0
7383,0
22690,0
3331,0
18309,0
15198,0
19871,0
27401,0
16068,0
9479,0
1556,1
6496,0
29348,0
5132,0
5763,0
23439,0
5371,0
10387,0
25994,0
18599,0
5218,0
5919,0
28884,0
1920,0
19796,0
2137,0
18535,0
8018,0
6899,0
25988,0
29801,0
25649,0
12463,0
8577,0
15893,0
9955,1
27216,0
17729,0
19471,0
17194,1
12070,0
1906,0
24025,1
6772,0
16122,1
17889,0
21905,0
24266,0
25763,0
23508,0
9438,1
21284,0
13847,0
17178,0
18893,1
6289,0
21981,0
26138,0
4850,0
2828,0
29914,0
19715,0
11378,0
4845,0
20438,1
25399,0
18094,0
20202,0
3798,0
5011,0
11488,0
5330,0
28046,0
28584,0
27034,0
2861,1
15353,0
25853,0
82,0
24013,1
3249,0
7372,0
23708,0
17084,0
17030,0
29178,0
9478,1
8678,0
14641,0
24244,0
19524,0
6943,1
21753,0
29033,0
26094,0
19248,0
24525,1
5739,1
12456,0
24980,0
8121,0
3860,1
2777,1
19334,0
13678,0
2134,0
26873,0
481,0
13723,0
23289,0
17144,0
18227,0
22545,1
28173,0
13944,1
16417,0
2407,0
10415,0
22811,0
13283,0
24033,1
603,0
1367,0
21576,0
4947,1
13147,1
18342,0
28350,1
22636,0
22601,1
20826,0
25433,0
26992,0
15309,0
22681,0
8460,1
14322,0
312,0
23357,0
24544,0
12238,0
26860,0
29987,0
13906,0
13620,1
15591,0
7642,0
2280,0
3327,0
9586,0
342,0
20114,1
24878,0
6708,0
19961,1
9073,0
22520,0
21920,1
27269,0
11412,0
24888,0
12730,1
2293,1
2206,0
13672,0
15879,1
15428,1
25152,0
867,0
26706,0
10268,0
20483,0
26210,0
15517,1
9081,1
4711,0
333,0
23483,1
21131,1
27949,0
29229,0
28750,0
11363,0
22323,0
5498,0
16456,0
7502,0
26157,0
5515,0
17989,1
9686,0
7231,0
21833,0
21223,0
6193,0
9198,1
28739,0
23760,1
1913,0
16173,0
5242,0
1079,0
21732,0
10328,0
17385,1
17161,0
27682,0
24375,0
4645,0
18300,0
3079,0
15670,0
25257,0
390,1
26296,0
29825,1
19026,1
5945,0
19706,1
24100,0
669,0
26933,1
4925,1
6106,0
6726,1
28119,1
7524,0
26627,1
15107,0
6860,0
22790,1
15352,0
13410,0
22430,0
3598,0
29473,0
23505,0
29630,0
26566,0
16787,0
20348,0
8451,0
21267,1
3165,0
5544,0
4138,0
2190,0
3203,0
20296,1
12145,0
10648,0
25385,1
10170,0
4565,0
8922,0
16558,0
20391,0
1606,0
25307,0
23564,0
419,0
7557,0
5791,0
19740,1
28638,1
9781,0
15474,0
4755,0
20851,0
7835,0
5142,0
18773,1
24188,0
13436,0
11769,0
27344,0
18207,0
28180,0
5350,1
6991,0
28964,1
27315,1
623,0
13990,0
16551,0
23151,0
25723,0
27228,0
5362,0
15669,0
22820,0
20493,1
4733,0
7149,0
1350,1
26373,0
9366,0
5417,0
26693,1
10118,0
22050,0
7939,0
9083,0
21769,0
26175,0
29009,0
28030,0
15971,1
9742,0
9108,1
21368,0
19841,0
27782,0
17050,1
4818,0
17409,0
24928,0
27413,0
2505,0
8753,1
29785,0
26320,0
4428,0
12061,0
23845,0
376,0
24845,0
14005,0
27356,0
25659,0
5710,0
10891,1
20490,0
21728,0
26114,0
23275,1
3527,0
862,0
17127,0
23948,0
2628,0
22810,0
21359,0
26575,0
2141,0
27115,0
18938,0
8793,0
5881,0
10908,1
19247,0
628,0
3143,0
11228,0
9875,0
10989,1
6313,1
23922,0
13770,0
29901,1
3357,0
905,0
7833,0
9571,0
3065,0
6126,0
12892,0
23104,1
12681,0
7698,0
19802,1
159,1
11535,0
19296,0
13689,0
11877,0
6601,0
10123,0
24062,0
11376,0
12694,0
4786,0
18639,0
3504,1
23288,1
6853,1
16431,0
10344,0
23509,0
9882,0
28071,0
24243,0
21792,0
9240,0
28791,0
11188,0
8285,0
14390,0
25071,0
25741,0
18473,0
18602,0
3754,0
3054,0
28982,0
11443,1
2478,0
4244,0
23524,0
22852,1
23065,0
11287,0
13965,0
14203,0
22111,0
13313,0
14590,0
24611,0
570,0
13855,1
24844,0
23620,1
12729,0
293,0
27820,0
8138,0
16962,1
27924,0
22836,0
28401,0
19071,0
22048,1
5596,0
1830,0
1596,0
23324,0
10092,1
17135,0
22919,0
672,1
2729,0
10789,0
15524,0
17867,1
6178,1
1301,0
26563,0
15673,1
5609,0
23004,0
7623,0
8409,1
6594,0
18780,0
28118,0
19134,0
20313,0
29278,0
24465,0
10291,0
2814,0
77,0
6408,0
18869,1
21999,0
10526,0
16922,0
5360,0
23184,0
25077,0
721,0
21399,1
19443,1
8130,0
28395,0
10696,1
5338,1
12210,0
10087,1
2883,0
12276,0
22490,0
20623,1
12294,0
7014,0
11420,0
2132,0
4459,0
8341,1
20615,1
9480,1
17249,1
23078,0
3127,0
4347,0
16561,0
13542,1
1813,1
29609,1
28831,0
5691,1
20884,1
10089,1
102,0
5065,1
27423,0
15264,0
23218,0
7135,1
26546,0
1354,0
14602,0
28869,0
19455,0
10462,0
28931,0
13408,0
19246,0
9027,0
22793,0
1361,0
15422,1
4918,1
21235,0
18025,1
12676,0
28728,0
1011,0
16843,0
26775,0
2161,0
12060,0
5750,0
24329,0
27703,0
28036,0
3881,0
7352,0
28231,0
29138,0
29815,0
14174,0
15234,0
28547,1
19928,0
23889,0
13682,0
13111,1
9128,0
13506,0
4763,1
10303,0
26642,0
5812,0
15548,0
25587,1
8641,0
10305,0
21521,0
21970,0
25768,1
11901,0
22625,0
4040,0
8208,0
4339,0
11850,0
16965,0
8669,0
4127,0
1267,0
21456,0
7353,0
28944,0
25447,0
24919,0
2545,1
7037,0
21036,0
9419,0
16707,0
8258,0
3909,0
5540,0
27120,1
23168,0
21045,0
28247,0
8755,0
795,0
6924,0
12546,0
12913,1
24103,1
18007,0
21372,0
24756,0
6505,0
7295,0
18903,0
19218,0
18255,0
9469,1
7387,1
12236,1
23424,0
29751,0
18270,0
2474,0
17917,1
7568,0
399,0
4686,0
25799,1
23782,1
6333,1
14885,1
5603,0
28974,1
25023,1
19793,0
25426,0
23051,0
16147,0
24791,0
188,1
25158,0
9980,1
10905,0
4964,0
25648,1
11095,0
2076,0
29076,0
25603,0
23970,0
14262,1
2933,0
497,0
3622,0
21768,0
25497,0
18246,0
16051,0
19785,1
19002,0
20950,0
2747,1
22807,0
16900,0
19032,0
4749,0
2398,0
3771,0
26016,0
4446,0
13146,0
19560,0
22596,0
18998,0
19634,1
28126,0
16067,1
21497,0
9810,0
5155,0
19456,0
2941,0
28377,0
6415,0
29226,0
10675,0
26995,0
29461,0
6698,0
7889,0
9161,0
6990,0
3667,0
26364,0
3689,0
24605,0
160,0
19695,0
17812,0
27453,1
27295,0
15181,1
13100,0
27360,0
15111,0
15412,0
29750,0
18964,1
17912,1
56,0
20410,0
19496,1
7233,0
24211,0
6621,0
13647,0
20242,0
9741,0
23827,0
19330,0
15615,0
10338,1
23257,0
5085,1
2428,1
16773,1
18180,0
6997,0
27567,0
20599,0
7266,1
18742,0
27415,0
25982,0
12818,0
23696,0
2809,0
4304,0
17872,1
8404,0
7990,0
2888,0
24941,0
2780,0
2822,1
6174,0
11830,1
17433,0
9926,0
24779,0
27395,0
10610,0
13114,0
20474,0
13994,0
19669,0
26700,1
10617,0
3406,0
110,0
11466,0
21760,1
17260,0
27043,0
5754,1
2756,0
2153,0
8591,0
19683,0
18591,0
29892,0
21376,0
3908,1
21258,0
28002,0
26682,0
21172,0
17012,0
22124,0
7455,0
21411,0
17487,0
22453,0
25922,1
28554,0
8574,1
25716,0
26136,0
10508,1
22887,0
6565,0
126,0
10125,0
29880,0
19076,0
16276,0
7802,1
5474,0
15988,1
16542,1
10203,0
423,0
22882,1
25432,0
5597,0
20346,0
9536,0
6054,1
17267,0
165,0
14078,0
20337,1
27103,0
22100,0
11654,1
23498,0
24869,0
4471,0
27956,0
2511,1
12678,0
7350,1
18855,0
13837,0
17239,0
16571,1
12412,0
7463,0
15281,0
168,0
8495,0
19587,0
19925,0
15208,1
20711,0
10233,1
19109,1
23450,0
2612,0
7689,1
19994,0
15764,0
17366,0
19717,0
27679,0
27693,0
10793,1
16696,0
17491,0
13328,0
20674,1
19318,1
10314,0
27658,0
23372,0
23443,0
27775,0
29041,0
1768,0
4035,0
18900,1
27578,1
17141,1
21594,0
2042,0
2472,1
20782,0
24608,0
13961,0
6059,0
22925,0
21588,0
17319,0
22018,0
15431,0
2770,0
5930,0
23370,0
11784,0
29258,1
28106,0
28539,0
23250,0
23407,0
26791,0
20973,0
27256,0
8692,0
2618,1
5506,0
13679,0
21884,0
26467,1
3448,1
24339,0
29098,0
9500,0
24942,0
956,0
3295,0
338,0
26194,0
13779,1
29232,0
1372,0
15078,0
11994,0
3840,1
2506,0
5933,0
8361,0
26249,0
17690,0
2267,0
28956,0
2218,1
10798,0
12299,0
22670,0
11142,0
9472,0
14807,0
9129,0
18336,1
8975,1
16169,0
26234,0
29200,0
8668,1
22025,0
2412,0
7921,1
23459,0
25558,0
21103,1
21918,0
9009,0
9946,0
18118,0
14223,0
6314,0
24967,1
12568,0
14573,1
27496,1
15528,0
14950,0
13635,1
15635,0
19728,1
24655,0
8551,0
19581,0
24155,1
20000,0
7579,0
3499,0
21383,0
2649,0
11342,0
1628,1
6346,1
14869,0
15634,0
4988,0
6725,0
4258,0
9364,0
19404,0
19792,1
6596,0
1689,0
3699,1
900,0
5375,0
1302,1
3548,0
24582,0
20673,1
5478,0
439,0
5146,0
27092,1
1814,0
7931,1
27507,1
4973,0
2707,1
17993,0
4044,1
27257,0
4985,0
20092,0
11572,0
21016,1
24990,0
7138,1
16105,1
3095,1
2909,1
6266,0
17329,0
12508,0
22896,0
20594,0
9190,1
2486,0
1335,1
29706,0
13446,0
27001,0
17931,0
4720,0
20416,0
29930,1
7286,0
23007,0
28607,0
27250,0
21159,0
7060,0
11390,0
8547,0
26701,1
18,0
23526,1
28660,0
8374,0
24926,0
9463,1
3918,1
24985,0
28084,0
22030,0
13710,0
8429,0
14474,0
24825,0
1058,0
15998,0
3305,1
16889,0
7852,0
1266,0
23227,0
9782,1
24477,0
3905,0
23804,0
7646,1
20540,0
1694,0
28567,0
16745,1
17593,0
1277,0
1941,0
4426,1
29491,0
26490,0
15084,0
13038,1
5108,1
3438,0
10452,0
16869,0
17227,0
22251,1
13244,0
11157,0
21826,0
28790,0
28886,0
295,0
28524,0
6627,0
17364,1
2288,0
20367,1
15175,0
16655,1
29400,0
17804,0
11388,1
24721,0
20639,0
2890,0
9377,1
29580,1
9114,0
3139,0
21687,0
7365,1
3207,0
22265,0
29505,0
23781,0
24515,0
13451,0
21717,0
8235,0
18296,1
12630,0
29265,0
18314,1
16191,1
4486,0
890,0
21443,0
5985,0
22929,0
20340,1
19263,0
16482,0
25899,0
9281,0
20377,0
18758,0
29257,0
3794,0
3102,0
28849,0
6968,0
14936,0
12718,1
20977,0
4068,1
833,1
3985,0
6818,0
23544,0
10645,0
24485,0
23211,0
6556,0
10533,0
15119,0
24723,0
22347,0
5814,0
4513,0
8555,0
15500,0
22307,1
9996,0
10695,0
12935,0
17402,0
25101,0
28465,0
24750,0
5500,0
6283,0
20515,0
8522,0
14850,0
23706,0
18167,0
13293,0
23994,0
4995,0
19530,1
10205,0
15759,1
19681,0
17856,0
14703,0
28953,0
23359,0
1852,0
25828,0
20446,0
13539,0
15028,0
28000,0
18022,0
9175,1
2635,1
21589,0
18571,0
13915,0
20307,1
20163,0
24901,1
19943,0
22383,0
24539,0
1425,0
141,1
18498,0
11328,0
29499,0
13657,0
1332,0
19885,0
5951,0
11118,0
27672,0
12311,0
7270,0
22275,0
27260,1
609,0
869,0
19932,1
10627,0
18338,0
25661,0
16854,1
25779,0
8603,0
23598,0
18507,0
14806,0
2702,0
13787,0
5991,0
19800,0
24528,1
3640,0
2450,1
1318,0
8752,0
28243,1
29397,0
29196,0
25798,1
11068,0
14642,0
28369,0
18644,0
1145,1
25544,1
9099,1
3126,0
13487,0
4331,0
17982,0
2470,0
9897,0
13162,0
25337,0
19460,0
20548,0
4781,0
12884,1
4174,0
13326,0
22505,1
2215,0
8312,0
21901,1
15956,0
21294,0
12390,0
27321,1
25223,0
23652,0
14538,1
6944,0
1546,1
28511,0
29046,0
3808,0
6510,1
8422,0
28798,0
27030,0
15983,0
10253,0
17358,0
17043,0
11858,0
27372,0
29230,0
13306,1
29304,0
6898,1
7994,0
11119,0
17591,0
6778,0
9327,0
17243,0
28534,1
11384,0
17815,0
14353,0
9655,0
9798,0
28936,0
8597,0
15284,0
28052,0
23369,0
26481,0
16346,0
24290,0
15678,0
27495,0
18874,0
23610,0
23392,0
26736,0
10465,0
3615,0
11001,0
5140,0
29820,1
3144,1
4293,0
12844,0
4783,0
12433,0
7275,0
8580,0
18045,0
16252,0
3003,1
143,0
558,0
12178,0
19417,1
14588,0
1265,0
3694,0
7159,0
25215,0
3507,0
15676,1
5886,0
20100,1
9514,0
20560,1
11588,0
18762,0
24000,1
20678,1
28167,1
26858,0
25025,1
13914,0
19254,0
10788,0
9583,1
18570,0
17549,1
3350,0
19883,0
13069,0
16827,1
9031,0
23406,0
948,0
17172,0
20837,0
6888,0
8613,0
27737,1
9143,1
18496,0
29520,0
24010,0
1803,0
24163,0
10293,0
28352,0
17624,0
29986,0
10766,0
22824,0
25610,0
10094,0
13062,0
10598,1
20291,0
10445,0
15103,0
8614,0
1513,0
16444,0
10960,0
6579,0
1260,0
5873,0
9629,1
10796,0
27214,1
18137,0
7550,0
16347,1
4103,1
26608,0
21500,0
17159,0
130,0
756,0
15254,0
18135,0
27730,0
2722,0
7636,0
3027,1
26696,0
11358,0
17213,0
17280,0
20860,0
14567,1
2696,0
1559,1
848,1
27285,1
11127,1
4365,0
27903,0
19340,0
2585,0
24666,0
7948,0
1535,0
20512,1
24684,0
15723,0
26634,1
12344,0
9285,0
11096,1
12332,0
3052,0
28366,0
15727,1
23980,1
18023,1
15902,0
7004,0
16170,1
8576,0
28018,0
11577,1
17972,1
19609,0
26750,1
13417,0
24809,0
2752,0
11026,0
11760,0
18036,1
3603,0
14494,0
18891,1
4736,0
19863,0
27778,0
23978,0
14180,1
2827,0
18051,0
16520,1
27009,0
12325,0
18634,0
12586,0
4405,1
25753,0
5664,0
28731,0
11286,0
17719,1
22616,0
6256,1
29316,0
7348,0
11126,0
19896,1
28471,0
10778,0
17688,1
604,0
21183,0
17794,1
23226,1
21756,0
28250,0
26170,0
9149,1
17588,0
27102,1
28688,0
19323,0
13112,0
7634,1
14652,0
20602,0
19161,0
29415,0
1189,0
4808,0
25449,0
8012,0
4083,0
24494,0
29858,0
19093,0
17288,0
11471,0
5610,0
3545,1
15648,0
27390,1
7571,0
13621,0
23684,0
23846,0
16650,1
361,1
24370,0
7408,0
29938,0
18215,0
8770,0
17393,0
8618,0
5803,0
27628,1
12656,1
14510,0
19097,0
2948,1
15685,0
21455,0
21522,0
16824,0
4372,0
23336,0
1307,0
23328,0
25704,0
7597,0
9223,1
864,0
5706,1
9179,0
15172,0
11560,1
11513,0
1380,0
15206,0
12295,0
3942,1
4217,0
23795,0
13149,0
15784,0
1219,0
25495,0
4026,0
2847,0
17871,0
14779,1
21494,1
25999,0
19996,0
13712,1
18168,0
9502,0
9568,0
3614,1
27095,0
28348,0
12506,0
23475,0
25964,0
23310,1
23759,0
4247,0
2503,0
21252,0
738,0
20621,1
9473,1
8125,1
27610,0
12721,0
24479,1
17586,1
751,0
4570,1
8192,0
22406,0
10946,0
871,0
19739,0
12357,0
11975,0
1591,0
24970,1
2001,1
21479,0
7789,1
12716,0
28863,0
16161,0
16949,0
21032,0
24138,0
19096,0
26776,0
2700,0
16001,1
7068,0
4094,1
29227,0
6501,1
11163,0
14659,0
717,0
11631,0
27818,0
12845,0
24742,0
8034,0
7917,0
8305,0
17219,0
18484,0
7344,0
14108,0
16518,1
5066,0
15442,1
22897,0
15519,0
17923,0
2800,0
8269,1
9017,0
19716,0
22351,0
23479,0
24600,0
18092,0
18287,0
27931,0
20419,0
6161,1
24480,0
6386,0
20433,0
4399,0
18289,0
15601,0
20503,0
2238,0
10180,0
5768,0
15478,0
24747,0
20124,0
20911,0
8731,0
14309,0
6235,0
6317,0
1045,1
15537,1
16512,1
13767,0
26023,0
24983,0
14357,0
19788,0
24849,0
17838,0
225,1
4558,0
62,0
13396,0
10469,0
15280,1
6985,1
29333,0
22777,1
17019,0
11302,1
15850,0
23286,0
22712,1
23661,0
14766,0
2736,0
19211,0
12369,0
28640,0
888,0
28641,0
12653,0
15712,0
1010,0
5401,0
10564,0
23259,0
3239,0
11811,0
22226,0
9217,1
16099,1
17670,0
16261,0
9248,1
11165,0
19673,0
4104,0
15329,0
28875,0
2056,1
7139,0
19808,0
23240,1
10362,0
12699,0
6252,1
22858,0
7422,0
16117,1
23446,0
6191,0
20315,1
18170,1
21336,0
27517,0
20789,1
25989,0
21709,0
11662,1
13297,0
2239,0
13732,0
5356,0
2960,0
3265,1
7607,1
11469,0
20890,1
19804,0
6000,0
11484,0
16685,0
27557,1
4412,0
5777,0
29350,0
26909,0
20671,1
22614,0
14364,1
7992,0
9698,0
5709,0
21191,0
14472,1
28230,1
25175,1
26965,0
21640,1
3671,0
11009,0
11863,1
10625,1
27328,0
1445,1
3734,0
10596,0
10444,0
21415,0
16181,0
14962,0
26327,1
25327,0
21003,0
12773,1
11736,0
24507,0
16903,0
23554,0
1853,0
25833,0
12870,0
13230,0
16034,1
13629,0
16150,0
13029,0
17062,0
21555,0
573,0
13903,1
11497,0
18563,0
12416,0
6075,0
25415,0
29433,0
7089,0
20141,1
89,0
7393,0
19938,1
28062,1
19203,0
8946,0
24516,0
26363,0
17220,1
16063,0
28699,0
3470,0
4180,0
18720,1
24352,1
1529,0
22326,1
5017,0
17666,0
8007,1
19038,0
18328,0
9004,0
25943,0
25507,0
25630,1
500,0
20954,0
4702,0
9703,0
25866,0
12153,1
29608,0
11190,0
17921,1
6856,0
15574,0
6379,1
22506,1
25147,1
27271,0
17078,0
27436,0
29991,0
6887,0
14035,1
20471,0
23943,0
13570,0
12671,0
17303,0
17945,1
12783,0
3213,0
26421,1
6849,0
16693,0
10476,0
17944,0
15384,1
22085,0
25749,0
7276,0
23117,0
9326,0
9910,1
5174,0
17789,0
26072,1
6212,0
11368,1
1419,0
11429,0
5267,0
6735,0
28561,1
2885,0
26065,0
22448,0
17380,0
4654,0
13154,1
14948,0
14583,0
23847,0
27213,0
9053,0
29144,0
26024,0
22829,0
7937,0
9363,0
23745,0
28652,0
25235,0
19731,0
25010,0
24736,0
17558,0
15493,1
6460,0
24816,0
21831,1
364,1
16225,1
27451,0
21606,0
10385,0
25294,0
7974,0
29012,1
9670,0
18814,0
17592,0
1857,0
3405,0
16532,0
13464,0
22525,0
19434,1
13311,0
28756,0
21771,0
12556,1
24200,1
28935,0
4307,0
29158,0
1138,0
5358,0
20478,0
4621,0
21334,0
24258,1
20655,1
10724,0
23874,0
21047,1
28631,0
18781,0
13017,0
8177,0
7842,0
18888,0
3317,0
25228,0
8070,0
7532,1
23757,0
15793,1
20043,0
18362,0
25882,0
6910,1
17071,0
23120,0
3705,1
4074,0
1832,0
26683,0
9993,1
15602,0
2278,0
16969,0
2993,0
23460,0
12965,0
25596,0
13523,0
20734,1
7945,1
28269,0
25110,1
10871,1
11273,0
21659,0
7997,0
12742,0
29768,0
13250,0
24312,0
28408,0
4434,0
10808,0
22722,0
17951,1
29886,1
25822,1
18671,1
11649,0
10550,1
12808,0
19974,0
15438,0
19160,0
11141,0
26593,0
15878,1
27065,0
26792,0
9440,1
14291,0
11436,1
19009,0
12290,0
28191,0
28585,0
7701,1
5989,0
25061,0
17082,0
26128,1
12934,0
20400,0
28006,0
18816,1
17299,0
1710,0
16952,0
5035,1
6150,0
6376,0
2468,0
7849,1
7183,1
4880,1
20425,1
25138,0
3427,0
27108,0
16841,0
22845,0
4685,0
26265,0
19308,0
27854,1
24846,0
3156,0
2309,0
22164,1
21955,0
19010,0
11503,1
4400,0
23069,0
13156,0
23861,0
11648,0
20537,0
2906,0
2335,0
12521,1
16892,0
26151,1
13456,0
996,0
8696,0
25890,0
25000,1
12231,0
20222,0
19671,0
22680,0
5264,0
26046,0
8113,0
9055,1
2464,1
11843,0
25878,0
28538,0
1229,1
28110,1
18725,0
1369,0
21261,0
17277,0
12494,1
13053,0
12407,1
29813,0
4311,0
28866,0
10802,1
12460,0
4320,0
5176,0
22217,1
20042,0
23236,1
13696,0
13501,1
25714,1
29099,0
19298,1
5944,0
4329,0
25571,0
22425,0
22598,1
9610,1
11881,0
2023,0
6953,0
7877,1
3254,1
8886,0
8501,0
15402,1
2463,1
21630,0
25114,0
7069,1
12147,0
3038,0
20152,1
17312,1
6947,1
18779,0
15547,0
1117,1
27458,1
26282,0
21655,0
26375,1
16052,0
17341,0
13636,1
26006,1
16120,0
9987,0
7776,0
17085,0
8029,0
19004,0
20745,1
21945,1
24193,1
23321,0
4312,0
3390,0
21736,0
26420,0
29465,1
8706,0
5613,0
29667,0
7195,0
14423,0
23634,0
28591,1
27014,1
23438,0
23931,0
19949,0
28242,0
13213,0
1504,0
27933,1
2227,1
1892,0
8702,1
3722,0
5554,0
18582,0
2669,0
28034,0
22346,0
20688,0
12972,1
7405,1
5584,0
6227,0
15415,1
21757,0
216,0
24216,0
7084,0
525,0
19087,0
2992,1
18757,0
16214,0
5505,0
12227,0
18553,1
1253,0
8754,0
13775,0
12558,0
2665,1
6902,0
18596,0
9091,0
24354,0
26329,0
17392,0
7104,0
13178,1
7161,0
24252,0
14783,0
23190,0
8094,1
1374,0
8921,0
12117,0
14315,1
28160,0
24503,0
7505,1
4402,0
18953,0
6139,1
27267,0
27135,0
18622,0
1169,0
5693,1
14881,0
8795,1
23764,0
6925,0
28186,1
22441,0
644,0
24282,0
5214,0
21154,0
24293,0
13361,0
12351,0
27600,1
2496,0
28105,0
29591,1
24483,0
2816,0
13925,0
28343,0
9829,1
16274,0
4340,0
27061,0
28056,0
22082,0
29199,0
3186,1
16688,0
28517,1
24814,0
23029,0
25574,0
17961,0
5311,0
20369,1
7831,1
15117,0
13669,0
5189,0
7115,0
27326,0
9592,0
5724,0
29011,0
15209,0
7160,0
13584,0
24616,0
26342,0
15805,0
24877,1
579,0
19803,0
22759,0
25359,0
2388,0
22114,0
12841,1
2230,0
10251,0
19527,0
28839,0
4133,0
3593,1
12440,0
6766,0
2579,0
23137,0
24004,0
23753,1
12461,0
29448,1
4864,1
10473,0
17408,0
10934,0
7055,0
15137,0
27923,1
16793,0
23134,1
19227,0
2430,1
6526,0
8769,1
963,0
12886,0
16405,0
328,1
17236,1
17379,0
26220,0
1142,0
24527,0
3591,0
501,0
5728,0
8181,1
24262,1
28862,0
28076,0
21601,1
664,0
4724,0
27526,0
26521,1
6785,0
9245,0
24275,0
1196,0
29975,1
10272,0
26415,0
26958,0
21469,0
17776,1
10737,0
24629,0
6640,1
27073,0
27780,0
5680,0
25454,1
6081,0
19304,0
10745,1
26205,0
16931,0
28856,0
1676,1
18212,0
26283,0
13093,1
14530,0
26956,0
15720,0
14830,0
7766,0
27279,1
2831,0
297,0
6672,0
21445,0
2604,0
17564,1
17743,0
17165,0
18024,0
14515,0
5849,0
14084,1
302,0
1312,0
27579,0
2111,0
19916,0
19478,0
25929,1
14940,0
10365,0
5586,0
2167,0
21390,0
6312,0
25850,0
2869,0
16739,1
24500,0
146,0
5309,0
9631,0
14702,0
9117,0
13015,0
25515,1
21031,0
18349,0
29937,0
19364,0
10842,1
13545,0
13930,0
15417,0
8593,0
7006,0
7606,0
22613,0
22208,0
20057,0
10781,0
21065,0
28380,0
925,0
1651,0
21386,0
1982,1
23024,1
25852,1
25043,0
5504,0
3107,0
3367,0
2390,0
13975,0
15742,0
25016,0
10031,0
1108,0
22560,0
16519,0
3779,0
3243,1
8985,1
819,0
4907,0
20967,0
23844,0
22037,0
7339,1
17188,0
22261,0
9991,0
15479,0
12389,1
5640,0
24112,0
1735,0
8607,1
16032,0
6461,0
2354,0
426,0
18366,0
4754,0
14490,0
12894,0
22049,0
17440,0
11609,0
28670,0
25121,0
6368,0
22300,1
7222,0
20742,1
21887,0
26053,0
14051,0
26211,0
12048,0
23208,0
25562,0
16845,1
19773,0
17146,0
4190,0
954,0
5552,0
9001,0
16581,0
27577,0
9322,0
29100,0
14579,0
7720,0
7261,0
3716,0
16055,0
19399,0
7385,0
8940,0
23484,0
27757,0
8760,0
17579,0
8840,0
20778,0
5840,0
18064,0
24955,0
10656,1
9266,0
22371,0
3344,1
16781,1
26056,0
3415,0
24717,1
7167,0
24003,0
880,0
17539,0
16766,0
17680,0
26272,0
26598,0
13600,0
9014,0
9343,0
223,0
22127,0
10795,0
12826,0
211,0
22238,0
20336,1
20005,0
16846,1
29391,0
28809,0
1486,1
16485,1
22926,0
24903,0
10698,0
5168,0
18277,0
28148,0
6720,1
6141,0
11380,0
18945,0
28663,1
4216,0
5460,0
4979,0
28309,0
23593,0
10968,0
17453,1
25397,0
12371,0
1990,1
6109,1
20245,0
27537,1
10243,0
10224,0
2124,0
8585,1
9660,0
24804,0
17286,0
24883,0
14074,0
27838,1
14225,0
24743,0
2154,0
18930,0
25353,0
18706,1
2792,0
25760,0
163,0
29105,0
3715,0
26941,0
10963,1
9893,1
3748,0
3118,0
22365,0
25825,0
17368,0
29816,0
21345,0
12464,0
17888,0
28308,1
13907,0
26389,0
18918,1
29814,0
17933,0
212,1
6142,0
14417,0
24762,0
20914,1
13345,1
14717,0
10806,0
27742,0
29037,0
16665,0
4822,0
9283,0
20668,0
2947,0
24662,0
14572,0
20744,0
27880,0
1009,0
13538,0
1492,0
6844,1
17077,1
12155,0
28930,1
1877,0
6546,0
7351,0
6338,0
9588,0
16859,1
12761,0
23747,0
28518,0
11706,0
12467,0
9674,0
17958,0
25629,0
27668,0
8713,0
27729,0
13072,1
20607,0
5715,1
21526,0
16758,0
9201,0
15718,0
9664,0
117,0
28113,0
29434,0
11262,0
29471,0
17384,0
4253,0
21439,0
2224,0
13552,0
55,0
27971,0
8895,0
6430,1
9147,1
25742,1
16890,1
28905,0
25606,0
10711,1
25524,0
14976,1
16010,0
26926,1
4552,0
5036,0
17728,0
10961,0
4245,0
4249,0
5753,0
5404,0
3334,0
8430,0
22606,0
3743,1
28929,0
15691,0
18863,1
7716,0
20550,0
19036,1
18548,0
23950,1
21432,0
8717,1
28095,0
5876,1
15365,0
19275,0
29097,0
3636,0
16386,0
29784,0
15772,0
13301,1
12639,1
25360,0
11400,0
26292,0
28459,0
16459,0
17887,0
5487,0
12242,0
19652,0
2737,0
12269,1
20040,0
28644,0
2710,0
11505,0
17626,0
25938,0
24789,0
1466,0
3360,0
27462,0
29578,1
15799,0
26078,0
23156,0
19101,1
12843,0
2074,0
20427,0
21581,1
8570,0
752,0
8631,1
17777,0
18390,0
22401,0
20075,0
27604,0
3435,1
12437,0
16708,0
22095,1
18027,1
10038,0
24161,0
2654,0
29164,1
29340,0
26648,1
24478,0
25901,0
21641,0
15829,0
18589,0
23638,0
8038,0
13338,0
4105,1
17756,0
26794,0
23456,0
28811,0
15201,1
7629,1
26718,0
13259,1
18988,0
14100,0
18074,1
12659,0
14246,0
15017,0
18172,0
29731,0
966,0
12281,0
18080,0
15257,0
21315,1
22185,0
27694,0
28107,0
11806,1
4846,1
14371,0
17090,0
27048,1
7616,0
4377,0
9234,0
19059,0
8159,0
29534,0
12789,0
25904,0
17764,0
11788,1
25826,0
14716,0
5511,0
29616,1
16870,1
26241,0
14488,0
25568,0
1991,0
5187,0
2098,0
27286,0
18353,0
21749,0
16465,0
5481,0
20961,0
1746,0
7924,0
6094,0
12749,1
14609,0
22278,0
5883,0
6771,0
20099,0
6296,0
20929,0
25978,1
14992,0
16838,0
27735,0
1485,0
6742,0
20997,0
29296,0
18929,1
23770,0
29024,0
1269,1
9605,1
21964,0
27263,1
6206,0
27162,0
13511,1
3476,0
23643,0
2946,0
9699,0
930,0
5161,0
8653,0
29404,0
18319,0
9279,0
18849,0
2378,1
4577,0
21848,1
4839,1
27473,0
24592,0
15401,0
13548,0
15953,0
10991,0
24729,0
1263,0
14398,1
25164,0
8894,0
7843,1
18954,0
16270,0
3981,1
15132,0
7082,1
16564,0
20130,1
23686,0
7243,0
25719,0
1186,0
105,0
27833,0
26752,0
18453,0
27826,0
5961,0
9191,1
11860,0
19206,0
16188,0
25117,1
19414,0
25214,0
4128,1
21832,0
21394,1
16833,1
15534,0
8772,0
11913,0
12421,0
13520,0
8175,1
7263,0
14859,0
13695,0
7576,0
17025,0
10154,0
16760,0
4441,0
16579,1
22316,1
1297,0
20632,0
10356,0
48,1
14169,0
17401,0
696,0
17480,0
4612,0
26070,0
9455,0
11052,0
9036,0
29436,0
2870,0
29093,0
25727,1
22913,0
10874,1
88,0
16994,0
13217,0
29249,1
13877,0
21646,0
12776,0
22414,0
5553,0
19879,0
13892,0
22497,1
17285,1
3005,0
14673,0
14333,0
1724,0
5962,0
14802,0
14520,1
23127,0
22463,0
1183,1
15300,0
13460,0
9348,0
21491,0
13483,0
1025,0
28967,0
10349,0
13323,1
6865,0
9718,0
18609,0
6492,0
6699,0
29026,1
15965,1
21631,0
5704,0
23527,1
28399,0
3108,0
23744,0
8545,1
19129,0
1607,1
241,0
24828,1
4319,0
28609,0
4057,0
26452,0
21392,0
13060,0
6761,0
12203,0
24984,0
28606,0
21503,0
2761,0
22977,0
6796,0
17421,0
23183,0
27194,1
12539,0
15041,0
22287,1
16437,0
16215,0
18892,0
27397,0
22189,0
24979,0
11462,1
28516,0
20363,1
4688,0
7120,0
14248,1
2583,1
21990,0
13187,0
25297,0
18643,0
24382,0
22150,0
16642,0
11708,0
24661,0
28223,0
12588,1
28196,0
6216,0
12330,1
25418,0
10898,0
14804,0
21292,1
26904,0
2900,0
3070,0
7761,1
4611,0
12688,0
13030,1
4158,0
25505,1
15645,0
22215,0
8838,0
14944,0
25076,0
26359,0
18488,0
18717,0
4634,0
18060,0
3666,0
17229,0
940,0
9029,0
16800,1
20970,0
19835,0
162,0
27109,0
29036,1
26586,1
19735,0
444,0
7106,0
24833,0
17608,0
4830,0
21285,0
2068,0
537,0
7662,1
9059,0
5409,0
26251,0
22717,0
29463,0
17649,0
27900,0
9721,0
3537,0
14621,0
7203,0
708,0
14918,0
14087,0
10199,1
13569,0
11424,0
11953,1
538,0
22336,0
16807,1
20156,0
18722,0
23292,1
14458,1
17447,1
15786,0
12632,0
29454,0
26466,1
29314,0
10888,0
10873,0
19738,0
14011,0
22335,0
10241,1
8002,0
13754,1
17115,0
20325,0
21570,0
991,0
3389,0
23966,0
27873,0
10725,0
16857,0
27733,0
21720,0
11759,0
15258,0
5095,0
11004,0
26365,0
25208,0
21206,0
28998,0
9278,0
22546,0
20185,0
17563,1
14499,0
7817,0
29153,1
23639,0
11934,0
29562,0
8691,0
10514,0
19833,0
6211,0
7901,0
11961,0
7482,0
12082,0
16294,0
18401,0
768,0
15047,0
7292,1
4101,1
18182,0
12541,0
7671,0
25834,0
14391,0
26936,0
8338,0
16879,0
8324,1
16457,1
12912,0
15698,0
21091,0
25814,0
12045,0
15756,0
6101,0
2334,0
22134,0
8862,0
26231,1
21719,0
12933,0
2723,1
14775,0
11724,0
5231,0
8493,1
5458,1
5838,1
7449,0
9125,1
23732,1
16740,0
14711,0
8120,0
14076,0
27070,0
28245,0
23081,0
8929,0
13722,0
23295,0
24622,0
8354,0
20754,1
812,0
25410,0
28330,0
26059,1
12582,0
28260,0
10614,0
15969,0
15713,0
28142,0
13611,0
3682,1
10113,0
18103,0
22769,1
22954,0
16957,0
29273,0
5416,0
22294,0
8116,0
12778,0
17023,0
19819,1
27337,1
8965,0
15887,0
26045,0
23619,1
19842,0
4185,0
10447,1
244,0
18033,0
16976,0
1118,0
4188,1
1909,0
14648,0
29676,0
4568,0
2260,0
28851,0
28065,0
24581,1
22123,0
9813,0
6172,0
9337,1
18154,0
15824,0
28297,0
5842,0
12569,1
18567,0
7875,0
4145,1
14889,0
17930,0
233,0
9184,0
15336,0
2012,0
2386,0
5496,0
646,0
25322,0
27438,0
8343,0
20298,0
2894,0
13307,0
2638,0
3681,0
21958,0
25172,0
7474,0
6838,1
9375,0
28596,0
3974,0
12368,1
21112,0
12880,0
18850,0
23669,0
23082,0
20150,0
18416,0
22507,1
23878,0
27296,1
15233,0
14704,0
21156,0
14945,0
9260,0
29260,0
1590,0
3732,0
205,0
27569,0
1917,0
7221,0
26304,0
6228,0
19702,0
6569,0
3735,0
26535,1
11322,0
7765,0
16277,1
14983,0
21300,1
7561,1
15080,0
9694,0
17004,0
20877,0
6524,0
29669,1
15069,0
23181,0
11244,0
11451,0
3607,0
8694,0
16076,1
1490,1
3264,0
15312,0
3512,0
1918,0
9164,0
17807,1
4283,0
1181,0
19342,0
6504,0
15213,1
24771,0
8080,0
12621,0
10443,0
10582,0
14163,0
10774,0
3878,0
6663,1
11841,0
807,0
1463,0
26984,0
7845,0
8825,1
4975,0
26295,1
28038,0
21788,0
27220,0
595,0
13279,0
5316,0
16494,0
23048,0
3078,1
5780,0
20486,0
17469,0
16008,0
8624,1
60,0
21795,0
24800,0
18713,0
28881,1
24606,0
2975,0
16699,0
13813,0
21524,1
4882,0
10211,0
3574,1
816,0
23334,0
3930,0
16875,0
3193,0
8054,0
7425,0
785,1
6155,1
20924,0
11396,0
10179,0
16219,0
8993,0
4932,1
29837,0
20730,0
13650,0
4501,1
29948,0
11594,0
22012,1
4788,0
18146,0
7775,1
25168,0
27439,0
11250,0
4897,0
14041,0
16160,0
7259,0
9093,0
16080,0
24482,1
20017,0
9365,1
12353,1
25477,0
17240,1
24509,0
15424,0
22904,0
7748,0
1115,0
1461,1
20107,0
22888,0
26657,1
15982,0
10108,1
26040,0
7519,0
4215,0
21020,0
16880,0
9304,0
13184,0
15507,0
20418,0
17381,0
470,0
9753,0
9548,0
7300,0
10228,0
6900,0
21617,0
24768,1
10288,1
2336,0
6920,0
2560,0
764,0
9247,1
15031,1
24357,0
3925,0
20288,1
14956,0
5390,0
10370,1
12585,0
11437,1
11465,1
11355,1
13385,0
25607,0
7345,0
9989,0
6069,0
21044,0
4336,0
725,0
15917,1
10699,1
27440,0
26236,1
21683,0
8492,1
29422,0
13235,1
20942,0
529,0
14406,0
6427,1
11744,0
3687,0
23311,1
15029,0
10396,0
12748,0
12959,1
28117,0
19727,0
5880,0
21582,0
24190,0
5720,0
7228,1
1574,1
19397,0
8003,0
11195,0
15217,0
26246,0
19472,1
4881,0
8704,0
1902,0
28323,0
18581,0
19954,0
1204,0
25625,0
5006,0
11309,0
28906,0
11024,0
26740,1
26148,0
28123,0
29741,0
15487,0
25767,0
19936,0
16737,0
8367,0
18043,0
4296,0
11316,0
24327,0
25651,0
24426,0
10680,0
27064,0
12076,0
13346,0
9994,1
15057,0
21026,0
3772,0
19939,0
2360,0
24631,0
8332,0
29977,1
29835,0
29331,0
21910,0
8605,0
11853,0
273,1
11680,0
24080,0
26552,1
5212,0
23555,1
14330,0
27619,1
21966,0
28258,0
3765,0
7922,1
14151,1
24123,0
14747,1
27774,1
4120,0
11164,0
27031,0
22089,0
10529,0
29623,1
17503,0
1103,0
29774,0
8237,0
5855,0
20256,0
26105,0
27288,0
4284,1
28847,0
12106,0
15610,0
15561,0
29652,1
17678,0
27998,0
15418,0
15096,1
23792,1
20894,0
3240,0
4248,0
15587,0
4653,0
914,0
24711,1
11421,1
1133,0
3767,1
28446,0
29453,1
2236,0
15703,0
26647,0
25488,0
3048,0
21225,0
25092,0
12328,0
21957,0
7016,0
12396,0
5549,0
3311,1
15394,0
3447,1
15981,0
14242,0
284,0
23312,0
19165,0
13450,0
8883,0
28227,0
20140,0
29371,0
7808,0
20428,1
5861,0
29309,0
20613,0
9040,0
21670,0
18373,1
9089,0
27290,0
11814,1
8210,0
19077,0
9863,0
2720,0
9339,0
12192,1
4747,0
28963,0
3147,0
1076,0
16515,1
22666,0
20210,0
7189,0
25180,0
6552,1
1761,0
5,0
15755,0
5994,0
24933,0
13315,0
2954,0
27327,0
24532,1
3915,0
18587,0
8682,0
15388,0
20885,0
2297,0
622,0
22035,0
11382,1
7786,1
15289,0
25734,0
1127,0
5569,0
25538,0
27354,1
20328,0
20316,0
1097,0
22621,1
22446,0
3004,1
23085,0
10646,1
20931,1
21067,1
18208,0
18837,1
19562,0
28846,0
5115,0
17507,0
25312,0
859,0
17697,0
20614,0
24976,0
8185,0
16984,0
16307,0
10566,0
15346,0
14492,0
24259,0
26640,0
6797,0
11003,0
11928,0
16648,0
23098,0
18421,1
12224,1
2949,0
2839,0
23495,0
9002,0
2045,0
22932,0
6407,1
9370,0
8461,0
1190,0
22849,1
11270,0
21440,1
16830,1
28745,0
17540,0
18914,1
5792,0
19320,1
29170,1
17740,0
7823,0
2806,0
13789,0
12055,1
4220,0
12926,0
16797,0
25926,0
24640,0
24555,0
27620,1
19080,0
13449,0
8733,0
29648,0
26504,0
25643,0
6770,0
9430,0
11430,1
10886,0
9433,0
22910,0
26761,0
1901,0
25171,0
10424,0
8914,0
5557,0
13762,0
1577,0
5984,0
10006,0
14385,0
5279,0
1919,0
14878,0
290,0
10151,0
4623,0
4163,1
19244,1
14224,0
1881,0
19815,1
265,0
1373,0
811,0
20684,0
20815,0
16065,0
8824,0
24162,0
5614,0
29322,0
12609,1
25676,0
1726,0
22843,1
12069,1
4739,1
12728,0
14625,0
20562,0
1313,0
10537,0
26193,1
24255,1
493,0
2871,0
17821,0
7498,0
3787,0
4149,0
1340,1
4278,1
26274,0
5988,1
16428,0
21058,1
18279,1
11937,0
4240,1
27509,0
27863,0
27207,0
14478,0
8546,1
5509,0
8672,0
45,0
29593,0
4439,0
8179,1
27627,0
20685,1
13057,0
18550,0
3058,0
374,0
7349,0
11875,0
13749,0
27141,0
541,0
13269,0
8028,0
26278,0
17750,0
5633,0
22418,0
9937,0
22282,0
29625,0
6050,0
2557,0
17627,0
28141,0
13369,0
13559,1
14784,1
27396,0
14491,0
19213,1
15661,0
14646,0
8599,1
15371,0
29240,0
8737,1
29381,0
2482,0
13461,0
23909,0
19220,0
5854,1
8803,0
17079,0
1585,0
23167,1
10213,0
20335,0
26656,0
3135,0
20569,1
19608,0
28149,0
23886,1
12613,0
26039,0
12387,1
14996,0
7113,1
18679,0
3178,0
26398,0
21513,0
18544,0
631,0
12054,1
8907,0
12245,0
27019,0
23597,0
23160,0
24774,0
23171,0
22496,0
4116,0
23784,0
20403,0
14135,0
18153,0
7655,0
15333,0
18068,0
29287,1
16116,1
21681,0
14427,0
14874,1
3509,0
8954,1
19583,0
5968,0
804,0
4694,1
3868,0
8530,0
19264,0
20760,0
18360,1
11296,1
26837,0
8638,0
28535,1
7363,0
8443,0
3519,0
17088,1
7124,0
8735,0
131,0
18692,0
15404,0
4109,0
23436,0
11464,0
2105,0
12086,1
17551,1
3443,1
27175,0
5324,0
13790,0
23384,0
4526,0
26884,1
25735,0
23885,1
27822,0
25231,0
24057,1
16771,1
8659,0
19132,0
27467,0
25482,0
25355,0
3838,0
20793,0
17992,0
19767,0
22488,0
28635,0
1904,0
21700,0
26109,1
8543,1
16544,1
14900,0
9800,1
2561,1
27804,0
10830,0
27265,0
27977,0
20606,1
20902,0
24260,0
4415,0
19960,0
13089,0
8275,0
17967,1
15659,0
15710,0
9521,0
877,0
25673,0
3210,0
28860,0
13883,0
22072,0
3506,0
285,0
6470,0
17400,0
25739,1
771,0
14862,1
24519,0
4375,1
305,0
23903,0
1634,0
3230,0
4303,0
11578,0
12758,0
2833,0
26769,1
20203,0
22503,1
343,0
857,1
11433,1
14523,0
4553,0
1022,0
18714,0
15518,1
6500,0
15754,0
9794,0
2717,0
29070,0
23416,1
9126,0
24671,0
20831,0
13928,0
17846,0
14058,0
6320,0
13138,0
16024,0
16469,0
18807,0
4789,0
4943,0
3707,0
11758,0
5295,1
27130,1
29925,0
1623,0
733,0
18997,0
13667,0
4124,0
26929,0
29077,0
17278,0
21262,0
8880,0
24734,0
8857,1
12967,1
11442,0
2639,0
21256,0
20737,0
1622,0
16231,0
8176,1
17041,0
27379,0
26925,0
10058,0
28887,0
27076,0
28932,0
20718,0
16335,0
783,1
4267,0
29466,0
18040,0
3730,0
23433,0
29663,0
11920,0
25072,0
8246,0
20787,0
20984,1
26256,0
20286,0
24408,1
13419,0
26184,0
29111,0
10809,0
24512,0
9078,1
9815,0
16102,0
29089,0
13784,1
999,1
372,0
18902,0
3397,0
9115,0
2243,0
9046,0
22444,0
24563,0
1783,0
1715,0
13132,0
25621,0
17850,0
10479,0
7738,0
16203,0
14875,0
16127,0
12555,0
19436,0
10833,0
25886,0
2143,1
9501,0
7640,1
22737,0
10829,0
25563,0
26931,1
26937,1
28303,0
5513,1
519,0
23958,0
26854,1
10600,0
4876,0
27586,1
22674,0
16095,1
9462,0
9353,0
24839,0
11298,0
3480,0
29885,0
10655,0
2603,1
13707,0
15317,1
26325,1
29169,0
19556,0
26269,0
11771,0
9640,0
20401,0
128,1
7871,0
25875,1
24610,0
16667,1
2095,0
5181,1
21140,0
8242,1
23239,0
27910,1
4200,0
4176,1
10416,0
15657,0
15666,0
29526,0
20338,1
25253,1
12643,0
27695,0
29867,1
9361,0
20844,0
6506,1
20542,1
9626,1
26959,0
14734,1
29638,0
14328,0
18041,0
29539,0
4199,0
23542,0
26993,0
25617,0
17855,0
13918,0
2194,0
5902,0
15244,0
13125,0
12797,1
1474,0
11906,0
10754,1
8997,0
28488,0
13860,0
25437,0
13884,1
19730,0
4648,0
17557,0
1019,0
21224,0
4994,0
18140,0
2411,0
24732,0
28762,1
24488,1
23567,0
21814,0
14550,1
24246,0
6247,0
29187,0
28103,1
8514,1
3855,0
20647,0
22309,0
24630,1
4692,0
11491,0
16451,0
28741,0
4382,0
799,0
29248,1
13799,0
17664,0
17604,0
21984,0
29044,0
25722,1
13829,0
15617,0
15161,1
13743,0
29927,0
5702,0
1417,0
23100,1
2798,0
27630,0
15276,0
3490,0
15995,0
11864,0
23157,1
19674,0
28482,1
22853,0
12960,0
11000,0
23766,0
20329,0
27773,1
12044,0
473,0
4246,0
28997,0
22654,0
17468,0
18006,1
12660,0
28992,0
15291,0
25050,0
8447,1
19164,0
9187,0
11592,0
4425,0
2634,1
19306,0
12424,0
19277,0
21663,0
8455,1
11699,0
12764,0
26622,0
21897,0
202,0
21307,0
28620,0
15242,0
22065,1
28347,0
19750,0
9244,0
19616,0
15556,1
3150,0
1588,0
21548,0
4374,0
14459,0
4102,0
16412,0
2554,0
22001,0
28361,0
6392,0
17117,0
3130,0
19392,0
21763,0
26443,1
27490,0
9854,0
6110,0
20712,0
13937,0
4838,0
25770,0
6541,1
16472,0
11561,0
22105,0
26796,0
15552,1
21923,0
15957,0
26444,0
18677,0
7099,0
22630,0
25083,0
21974,0
15674,0
5334,0
16236,1
6153,0
4064,1
415,0
7435,0
4759,0
5797,0
12071,1
20644,0
12017,0
8030,0
24108,0
9755,0
21244,0
20638,0
11687,0
10480,0
4987,0
27914,0
2681,0
25509,0
19034,1
13878,0
9907,0
22013,0
9891,0
13251,0
17587,1
6076,0
8009,0
28600,0
22276,0
13924,0
16881,0
9372,0
24064,0
24829,0
10820,0
20021,0
14634,0
7409,1
9972,0
16575,0
27547,0
20237,0
14981,1
23245,0
406,0
29268,0
14217,1
21348,0
8217,1
11324,0
23887,0
8031,0
5040,1
12259,0
8757,0
19035,0
15379,0
2469,0
27678,0
18414,0
12161,0
10603,0
22870,0
13325,0
15249,0
21403,1
12852,0
22088,0
851,0
28146,0
18095,1
8958,0
1884,0
10922,0
17637,0
641,0
26786,0
11808,1
24319,0
15539,0
11509,0
8515,0
29413,0
28026,1
19726,0
29256,1
1251,0
5764,0
29583,0
15949,0
17455,0
27349,0
25021,0
12215,0
24713,1
12859,0
20001,1
2644,0
15990,0
15761,1
2542,1
19145,0
20870,0
28317,0
16425,0
12144,0
12136,0
21621,0
11873,0
24793,0
1704,0
20843,1
9417,0
29781,0
11970,0
28311,0
9517,0
2077,0
12629,0
12252,0
14314,1
24890,0
29695,0
18459,0
1876,0
12734,0
13778,0
27378,0
14136,0
29207,0
22566,0
957,0
18348,0
15939,0
14445,0
8482,0
25189,0
2173,0
6574,0
27568,0
28828,0
490,0
11971,1
1482,0
9591,0
5057,1
3782,0
5368,0
11303,1
13220,0
15361,0
2815,0
28428,0
1066,0
28968,0
52,0
27575,0
7128,0
9394,0
18436,0
14833,1
21107,0
5321,0
8766,1
16059,0
7403,1
19995,0
2048,0
25884,0
6453,0
5049,1
29237,1
3257,1
6122,1
17413,0
16306,1
14773,0
8425,0
14355,1
10435,0
15820,0
10008,0
14379,1
17694,0
13134,1
19313,1
15118,0
7666,0
7011,0
4703,1
3177,0
1718,1
28130,0
14268,0
20764,0
1494,0
9713,0
22761,0
22938,0
15364,0
24923,0
19105,1
14172,1
26200,0
21849,0
9393,0
28925,0
23715,0
25377,0
29832,0
28441,0
16594,0
14735,0
281,0
5201,1
21048,0
27178,0
7255,0
12109,0
18529,0
3812,1
1975,1
14489,0
10952,0
23695,0
9471,0
6198,0
20426,0
1779,0
19426,0
2149,1
18901,0
14624,1
22130,0
28267,0
28137,0
25213,0
11313,0
26188,0
23454,0
28207,1
26765,1
20731,0
11308,0
14559,0
22026,0
7910,0
2107,0
14428,0
20627,0
16547,1
11230,1
2520,0
19122,0
1021,0
22553,0
28690,0
3258,1
8149,1
29239,0
11629,0
18844,0
2170,0
1797,0
11452,1
24650,0
21724,1
24373,0
3284,0
19931,0
1722,0
27050,1
5774,0
1646,1
29661,0
9850,0
13748,0
18543,0
18000,1
24628,0
26658,0
21844,1
18569,0
13399,0
20154,1
4984,1
24364,0
26699,0
5402,0
7171,0
2262,1
1702,0
6911,0
13788,0
3938,0
28796,0
9193,1
4628,0
15504,1
2629,0
23783,0
29864,0
26819,1
12697,0
12293,1
20827,0
2668,0
16443,0
27664,1
11969,1
21532,0
8234,0
2674,0
14236,0
14316,0
4630,0
18331,0
13867,0
7999,0
23298,0
4071,0
17573,0
247,0
12769,0
19846,1
20665,1
29990,0
2902,0
21544,0
18675,0
7155,1
26930,1
24383,1
27896,0
26574,0
2744,0
17980,0
22729,0
14297,0
29981,0
8161,0
14166,0
6331,0
25229,0
11838,1
13659,0
4911,0
2310,0
29298,0
6804,0
13574,0
26080,0
18580,0
14414,0
468,0
18632,1
9257,1
29150,0
16794,0
17302,0
11810,0
17956,0
7001,0
20357,0
22358,0
29724,1
19421,0
15476,1
28681,0
20415,0
7182,0
14619,0
23102,0
20592,0
21759,0
13507,0
11134,0
57,0
19589,0
1163,0
1398,0
10493,0
22096,0
15598,1
7879,0
10450,0
7733,1
17996,0
18604,0
18324,0
10902,0
8778,0
14728,1
26049,0
20940,0
23329,0
16506,1
13932,0
23849,0
26590,0
2127,0
2984,0
8153,0
28315,1
23453,0
23751,0
10792,0
23492,0
952,0
6358,1
7915,0
2632,0
15128,0
2711,0
9822,0
22005,0
392,1
5199,0
28746,1
23010,0
6405,0
164,0
5611,1
12489,0
6704,0
21442,0
26605,0
27534,1
9636,0
25756,0
29790,0
12265,0
2563,1
23552,0
5634,0
22899,0
8099,0
5105,0
27273,0
11035,1
9984,0
12469,0
10719,0
21878,0
25592,0
7254,0
11344,1
29406,0
4895,0
19719,0
24551,0
3163,1
26733,0
16157,1
12164,0
8966,1
12523,0
10124,0
14436,0
26502,1
23794,0
262,0
23072,0
13101,0
12680,0
4531,1
23601,0
1421,0
2584,0
8836,0
1484,0
5761,0
18145,0
26,0
25936,0
8807,1
21914,1
21739,0
8144,0
3845,0
13993,1
12958,1
15612,0
24153,0
27538,0
1617,1
8326,0
7323,1
3873,0
2672,1
5273,0
1508,0
12420,0
9590,1
809,0
3991,1
14214,0
5662,0
8489,0
23699,0
12337,0
7697,1
23944,0
8256,0
3972,1
22161,0
13479,1
24457,0
17130,1
26427,1
2237,0
4914,0
3785,0
26403,0
16876,0
5001,0
21433,0
26857,1
6148,0
25265,0
4234,0
15993,0
15408,0
778,0
20563,0
21505,0
15430,0
9672,0
14198,0
11981,1
24963,1
5109,0
23884,0
13428,0
26844,0
22320,0
15240,0
23015,0
4181,0
24773,0
24837,0
5953,0
27074,0
27653,0
12896,0
26020,0
15757,0
24783,0
13893,1
19091,0
8438,0
21022,0
16040,1
15338,0
26115,0
16429,0
20689,0
2898,0
16196,1
5892,0
22301,0
15194,1
8701,0
2252,0
18443,1
11973,0
6946,1
18721,0
13845,0
12545,0
11574,0
11330,0
9185,1
4196,0
10759,0
899,1
17482,0
5833,0
9061,0
26496,0
7588,0
8381,0
29299,0
16267,0
1014,0
13195,0
12602,0
11779,0
10948,0
9003,1
242,0
28027,0
10791,0
185,0
27339,0
23511,0
19827,0
19790,0
19372,0
16048,0
14506,0
20061,1
19499,1
5461,0
23115,0
15600,1
24174,0
19030,1
808,1
27486,1
6970,0
24678,1
20986,0
7841,0
29934,0
5934,0
23651,0
13318,0
5285,1
21486,1
26684,0
5732,0
3026,0
1408,0
20872,0
24904,0
23667,0
19909,1
2769,0
16421,0
28900,1
8040,0
15942,0
12458,0
11212,1
11151,0
5958,0
15758,1
29798,0
3232,0
16462,1
29082,1
19095,0
15959,0
19605,0
13258,0
4306,0
23906,0
22449,0
3291,1
26074,0
22716,0
747,0
11089,0
27380,0
9916,0
7660,0
7564,0
15318,0
25581,0
1026,0
11960,1
253,1
3617,0
1621,0
17749,0
11611,0
6884,0
16628,1
27017,0
10084,0
784,1
8306,1
1499,0
21367,0
3099,0
12079,0
7432,0
28907,0
26034,0
23112,1
6712,0
1016,0
15432,0
7656,0
18389,0
26137,0
27953,0
10705,0
20159,0
18191,0
7582,0
29564,0
4411,0
13391,1
27055,0
29010,0
29664,0
28649,0
7683,0
24504,0
14860,0
25871,0
11,0
12408,0
29840,0
23799,1
16272,0
11239,0
15588,0
28166,0
21495,1
17709,0
21312,1
17964,1
10654,0
9429,1
25414,1
26171,1
4730,0
4366,0
9267,0
26048,0
17963,0
28059,0
20045,0
17233,1
17093,1
10392,0
18187,1
8005,1
15331,0
29890,0
24443,0
13721,1
10743,0
7386,0
28603,0
27238,0
25363,0
713,0
10575,0
19537,1
20066,0
23281,0
15827,1
20268,0
27707,1
6789,0
3612,0
29966,0
19685,0
25039,0
24269,0
9802,1
29754,0
1232,0
13012,0
4049,1
8465,0
18147,0
3934,0
9735,0
15525,0
16719,0
21680,0
19085,0
23730,0
2369,0
19283,0
23923,0
6577,0
4099,1
29761,1
10540,1
8871,0
19919,0
10955,0
2429,0
4140,0
6578,0
13757,0
12198,1
23038,0
17145,0
20434,0
27865,0
21530,0
10643,0
12253,0
4785,1
24550,0
8758,0
19999,0
23018,0
8477,0
28044,0
27231,1
4322,0
7755,0
14412,0
25268,0
397,0
3066,1
23858,0
22900,0
4829,0
11565,0
10869,0
20393,0
21271,0
12619,0
153,0
20129,0
1053,0
18377,0
8943,0
6013,1
4386,0
12171,0
7936,0
27764,0
6310,0
25957,0
17456,0
18630,0
19956,0
4492,0
14829,0
4585,0
22757,0
5437,0
27322,1
12354,0
15886,0
15083,0
15359,0
5824,0
26410,0
3380,0
28215,0
3300,1
15664,1
12707,0
21983,0
23490,0
944,1
25883,0
28988,0
12068,1
18475,1
21146,0
10357,0
5339,1
18380,0
18119,0
5202,0
9901,0
27024,0
14179,1
5802,0
24674,0
27025,0
1516,0
9746,0
3906,0
13129,0
3321,0
9671,0
26478,0
20721,0
16621,0
14593,0
12677,1
8552,0
10592,0
20633,0
29572,0
19268,0
3451,1
16350,1
20896,0
161,0
6743,0
27475,0
20281,0
25865,0
3479,0
14220,1
24310,0
4745,0
15616,1
22007,0
11948,0
934,1
10077,0
2962,0
23646,1
20864,0
12225,1
25457,0
28687,0
29917,0
11274,0
5717,0
14740,0
2066,0
7932,0
7857,1
14814,0
22392,1
16304,0
24476,0
27044,1
15861,0
19914,0
1041,0
20543,1
20115,0
13808,0
23631,1
11232,0
24858,0
28041,0
12617,0
5566,0
13304,0
22427,0
13059,1
18915,1
29544,0
3469,0
26432,0
5216,0
12666,0
16073,0
23879,0
5459,1
9747,0
7846,0
5169,0
14938,0
3657,0
119,0
11152,1
8021,1
22188,0
25500,0
17481,0
26687,0
28292,0
15148,0
14027,0
27117,0
6758,0
12312,0
29513,1
18744,0
5568,0
17010,0
14547,1
23420,0
22196,0
25933,0
19747,0
8911,0
29259,0
6543,0
13459,1
7962,1
5963,0
20582,0
1847,0
3613,0
28140,0
4556,1
17270,0
27107,0
13358,0
12093,0
13595,0
25537,0
231,0
14277,1
2886,0
26162,0
14577,0
7630,0
14308,0
13869,0
10427,0
28406,0
20088,0
20743,1
22031,0
3777,1
11547,0
10510,1
2790,1
15888,0
7690,1
14267,0
22145,1
27187,0
27836,0
5646,1
16400,0
2044,1
2664,0
19970,0
23287,0
2679,0
6046,1
15899,1
28493,1
26412,0
11872,0
16384,0
18738,1
18798,0
28449,0
19173,0
4390,0
20392,0
26017,0
22283,0
25416,1
16132,0
25916,0
14661,0
3627,0
12321,0
8794,0
20797,0
24407,0
9026,0
14755,0
27797,0
12220,0
17248,1
12490,1
5365,0
3184,0
19629,0
17817,0
28966,1
6534,0
13750,0
19189,0
21509,1
26760,1
9956,0
23031,1
5018,0
6413,1
1675,0
13310,0
22220,0
27560,0
17656,0
22809,0
2028,0
4514,0
16926,1
10827,0
22297,0
22973,1
7751,0
15150,0
9784,0
18847,0
25511,1
6710,0
2138,0
6729,0
7354,0
11790,0
20160,1
12547,0
10954,0
4509,0
8843,0
28268,0
10983,0
12271,0
19326,0
18249,0
25145,0
15092,0
7710,1
6147,0
14500,0
11942,0
8765,0
2932,0
26560,0
7950,0
4587,0
9158,0
26976,0
8904,0
20996,1
14997,0
14825,1
21037,0
11985,1
27417,1
26938,0
7907,0
10155,0
18792,1
15516,1
27881,0
21019,0
26746,0
12110,0
17752,0
24920,0
26697,0
9290,1
9206,0
11599,0
2500,0
19770,0
495,1
12270,0
1549,1
4574,0
15138,0
3114,0
511,0
24939,1
10195,1
17788,0
9711,0
18213,1
11999,0
2817,0
2099,0
13888,0
193,0
26312,0
21099,0
1971,0
22922,1
23182,0
28755,0
20221,1
24330,1
16143,0
17562,1
6998,0
18216,0
7898,1
19065,0
8232,0
21296,0
10560,0
18067,1
25591,1
22881,0
21722,0
20468,0
19182,0
3356,0
25888,0
26360,0
5543,0
4475,0
22410,1
26855,0
11782,0
6592,0
29493,0
15751,0
23455,1
10285,0
9691,0
7575,0
5759,1
14975,0
27466,0
4889,0
206,0
14039,0
19514,0
4811,0
3200,1
20430,1
26439,0
13589,0
27860,0
3691,0
28902,0
26985,0
15212,0
11062,1
21118,1
10254,0
24535,1
7601,0
29362,0
25220,0
25116,0
1869,1
7676,1
28806,0
17886,0
5888,0
16792,0
15339,0
24187,0
12274,0
21369,0
5128,0
24050,0
16504,0
2174,0
13196,1
9944,0
5245,0
4178,0
12559,0
21583,1
4073,0
8405,0
13982,0
9482,0
15936,1
5131,0
22472,0
23215,0
23474,0
1936,0
6029,0
21207,1
2184,0
21821,0
28114,0
26068,0
11663,0
17722,0
20724,0
11150,0
10930,0
13858,0
7998,0
2353,1
15109,0
16649,0
28622,1
11749,0
23857,1
6728,0
16654,0
17471,0
12041,0
4913,0
9615,0
20034,0
14235,0
5872,0
14107,0
6468,0
9173,0
5084,0
10449,0
24556,0
8987,0
19697,0
11292,0
5205,0
9383,0
703,1
28858,0
27171,0
22475,0
19769,0
28412,0
11977,0
19389,0
303,0
15819,0
15210,0
10002,0
20820,1
9554,0
2526,0
18268,0
1233,0
1730,0
22366,1
28157,0
21930,0
27591,0
11507,0
2558,1
6711,0
933,1
6655,1
16924,0
23296,0
8291,0
457,0
29668,1
11731,0
25717,0
23546,0
8767,0
14772,0
264,0
8864,0
21423,0
5651,0
9887,0
16588,0
7297,0
11697,1
23843,1
11794,1
7706,0
15272,0
28915,0
13090,0
18907,0
10496,1
26910,0
19582,0
26051,0
5208,0
26084,1
17771,0
25282,0
18318,1
18285,0
18413,0
14836,0
29779,1
24421,0
20839,1
22561,1
14446,1
22423,0
9757,0
14855,0
27798,0
3633,0
25514,0
19555,0
29720,0
12339,0
5987,1
7659,0
26611,0
13797,1
21485,0
29823,0
8385,0
4268,0
24724,1
10618,0
15104,0
19636,0
18086,0
116,1
10140,1
9123,0
3035,0
16224,1
19628,0
12301,0
29913,0
4123,0
9573,0
15550,0
8353,0
10671,1
12121,0
8584,0
9906,0
12551,1
29225,0
22998,0
20,0
26453,0
3841,0
3173,0
152,0
24045,0
8732,0
3992,0
24268,1
17662,0
22830,0
22965,0
8299,1
21614,0
24,1
16205,0
2047,0
23572,0
13938,0
7241,0
299,0
5300,0
10506,0
27548,1
3802,0
25487,0
22883,0
8188,1
15590,0
7799,0
18330,1
13020,0
14951,1
8853,0
25390,0
10834,1
22241,0
27304,0
13894,0
29783,0
14686,0
315,0
28139,0
16344,1
9163,0
4406,0
17684,0
24840,0
976,0
27060,1
14760,0
26915,1
8800,0
20707,0
18218,0
27930,1
13170,0
9704,0
22331,0
15454,0
18018,0
27874,0
15184,0
11852,0
5483,0
21351,0
26592,0
8944,0
23417,0
26280,0
2210,0
15920,0
11542,0
22409,0
21335,0
10029,0
18379,0
14120,0
7975,0
18341,0
24299,0
17060,1
27038,0
8222,1
2592,0
27946,0
28888,0
7049,1
19454,1
15989,1
19376,0
17070,1
14838,0
17369,0
6700,0
1061,1
29624,0
20648,0
29587,0
11220,0
27879,0
22415,1
15266,0
10252,1
429,0
16905,0
28807,1
15443,0
3255,0
748,1
19391,0
8715,0
4376,1
25256,1
25206,0
10238,0
27003,0
13273,0
9559,0
25019,0
11007,0
17590,0
1540,0
18247,0
20965,0
26916,0
9466,0
3137,0
4708,1
6745,1
27400,0
1054,0
19577,0
1217,0
21157,0
15238,0
23573,0
26279,1
24702,0
24144,0
9812,1
15852,0
11766,0
12780,1
12575,0
23602,0
4597,1
17052,1
13186,1
20506,1
10858,0
3059,0
27925,0
10289,0
19862,1
11289,0
9323,0
27909,0
12206,1
8882,0
20409,1
18152,1
16958,0
27033,0
9226,0
7312,0
27759,0
21978,0
24715,0
6490,1
18736,0
23461,1
25688,0
26703,0
828,0
28947,1
23621,0
28558,0
27870,0
4130,0
21269,0
27309,0
8790,0
3339,0
8488,0
25702,0
8281,0
27819,0
8622,0
530,0
14219,0
24754,0
15919,0
4504,0
25747,0
11695,0
349,0
8644,0
9269,0
3440,0
9697,1
20892,0
5931,1
8490,0
11923,0
26603,0
20539,0
27731,1
11522,0
25618,0
15421,0
12391,0
12957,0
10631,0
8524,1
19853,0
21018,1
8876,0
28424,0
23058,0
6909,0
7428,1
4344,0
10240,0
28730,0
20919,0
19468,0
7982,0
18826,1
17784,0
18301,0
15563,0
17818,1
24857,1
840,1
8187,0
16921,0
4466,0
14663,0
14627,0
21896,0
26780,0
14832,0
2277,0
10441,0
27530,0
3907,0
9876,0
28540,0
1705,0
29780,0
13382,0
9116,0
13136,0
7972,0
1793,0
24548,0
27125,0
5127,0
9913,0
19361,1
5141,0
15765,0
25302,0
3980,0
19722,0
9297,0
13287,0
946,0
17502,0
15927,0
19612,0
20680,0
19768,1
3167,1
20538,0
28705,0
1684,0
24334,0
7370,0
7475,1
12247,0
7515,0
21035,0
26632,0
13169,0
14346,1
2090,1
5607,0
7303,0
9702,0
16279,0
7978,1
2751,0
17450,0
24696,0
1462,0
24909,0
5779,0
15705,0
24838,0
5089,0
9620,1
9877,0
3910,1
20729,0
22373,0
6855,1
6036,1
20230,1
29793,0
18920,1
27984,1
15935,0
20579,0
22750,0
11269,0
27193,1
21101,0
7492,0
12361,0
23989,0
12900,0
6359,0
19110,0
8169,0
3739,1
16081,0
3949,0
6456,0
10471,0
21373,0
6253,0
16043,0
28987,0
28440,0
773,0
28345,0
12502,0
14439,0
1247,1
2791,1
9869,0
25236,1
17505,0
270,1
2222,0
9057,0
25456,0
23841,0
24101,1
5698,1
6484,1
21041,0
28845,0
28295,0
5366,1
26820,0
28759,0
27244,1
12768,1
16638,1
13654,0
16301,0
17792,0
13631,0
6282,1
27882,0
27576,0
23165,1
29156,1
673,1
11414,0
382,1
16734,1
21767,0
10484,0
24764,0
29318,0
1356,0
12854,0
21424,0
9094,1
17718,0
23299,0
21077,1
9998,0
19352,1
14409,0
8948,1
4991,0
2919,1
1725,0
17134,1
29464,0
28358,0
10245,0
16278,0
6322,0
24596,0
19365,0
7664,0
18613,0
23721,0
28895,0
25645,0
13488,0
22743,0
28581,0
687,1
12191,0
11799,0
27728,1
1763,0
20552,0
11939,1
26618,0
7052,0
4527,1
11425,1
18747,0
10039,0
8542,1
1914,0
16555,1
18059,0
3303,1
8068,0
5926,0
23347,0
28209,0
9243,0
14356,0
26165,1
24999,0
26652,1
29051,0
3916,0
16804,0
19238,0
6278,1
7165,1
10967,0
9939,0
5615,0
29445,1
18880,0
14921,1
3807,0
9176,0
23502,0
16453,0
6647,0
1921,1
9630,0
23176,0
7236,0
28415,0
20808,1
7072,0
10636,0
6301,0
5377,0
26513,0
22659,0
1816,0
16101,1
22141,0
21397,0
12223,1
15750,0
16362,0
13406,1
28237,0
29198,0
1316,1
11133,0
4807,0
750,1
25579,0
20765,1
18539,0
21229,0
2036,0
16265,1
17459,0
11705,1
6914,0
22685,0
6184,1
24560,0
24435,1
12319,1
6703,1
11037,1
23042,0
18916,0
20396,0
6981,0
20175,0
972,0
21208,0
14611,0
16326,0
18577,0
27536,1
7107,0
22459,0
10583,0
27169,0
10738,0
21125,0
6012,0
2315,0
2728,0
23568,0
22492,1
4609,0
14133,1
5473,1
12484,0
12640,0
12998,1
12812,0
9263,0
21426,1
27862,0
17106,1
11707,1
22230,0
25774,0
27926,0
18450,0
5376,0
15780,0
18739,1
15218,0
10515,0
7822,1
9470,0
15619,1
20376,0
26876,0
10437,0
7867,0
7086,1
5517,0
21682,0
11614,0
20055,0
29462,0
11238,0
19156,0
6978,0
21186,0
4954,0
15195,0
20697,0
26892,1
8893,0
27641,0
6188,0
21924,0
29911,0
4497,0
21161,0
24554,0
5527,0
12833,0
23997,0
22372,0
25604,0
5839,0
26707,1
22359,0
24176,0
13733,0
4667,0
14033,0
13889,0
4966,0
5497,0
8782,1
27843,0
13648,1
28830,0
12135,0
16541,0
147,1
23722,0
21574,1
22543,1
8294,1
6551,1
11109,0
19174,0
18075,1
13177,0
13209,0
29210,0
28050,1
12118,0
19732,0
12349,0
17560,0
27936,0
14872,0
8690,1
15260,0
9614,1
2140,1
3236,1
20326,0
27365,0
1942,0
1403,1
7726,0
2342,0
18009,1
26306,0
24522,0
14666,1
10805,0
13895,0
7772,0
10819,1
20435,0
11829,0
28434,1
27099,0
18824,1
28436,0
23726,0
20334,0
25411,0
16768,1
1554,0
10267,0
25856,0
29739,0
15350,0
18166,0
18446,0
29577,1
8780,0
8129,0
20853,1
22995,0
14820,0
29087,0
24386,0
25709,0
14877,0
12657,0
11147,0
13026,0
24358,0
15542,0
29869,0
13052,0
26107,0
6689,0
22842,0
7512,0
4159,0
11306,1
23769,0
22094,1
9434,1
22342,0
2849,0
24728,0
3219,0
24073,0
19470,0
4023,0
5644,0
5014,0
1075,0
15370,0
19875,0
6801,1
15974,1
16079,1
744,0
13874,0
5078,1
6971,0
25441,0
3644,1
25037,0
23269,1
12916,0
26573,0
12686,0
14207,0
28808,0
10904,0
28693,0
10310,1
14467,0
1547,0
29414,1
27983,0
7096,0
1957,1
7651,1
29701,1
20676,1
28421,0
7943,0
22521,1
25379,0
17252,1
28976,0
7258,1
2507,1
26808,0
13880,0
2907,0
16863,1
2473,0
28124,1
10330,0
2146,0
2242,1
2626,0
6503,0
23163,0
20667,0
19852,0
15435,0
29800,1
20085,0
21205,0
19062,0
21678,0
19911,0
12376,1
12583,0
12194,0
14998,0
7631,0
23535,0
10838,0
3056,0
15334,0
15166,0
5621,0
6733,0
7038,0
25874,1
8619,0
9580,0
2300,0
12108,1
20158,0
6269,1
14601,0
1491,0
5588,1
23435,0
7872,0
27985,0
1978,0
16853,0
23411,0
10909,0
6366,1
7369,1
28138,0
7806,0
22665,0
19743,1
15230,0
13172,0
24024,0
3563,1
12940,0
5884,1
12787,0
2244,1
24048,0
10923,0
26928,0
21437,0
25470,0
11587,0
9229,1
16292,0
16087,0
354,0
24429,0
17595,0
20344,0
21968,0
16177,0
29045,1
29071,0
14031,1
29945,1
7851,0
19551,0
11544,1
25118,0
15896,0
9515,0
17087,0
22732,0
5357,0
27844,0
7356,0
4622,0
24199,0
24558,0
5451,0
884,0
5139,0
4281,0
19394,0
5347,0
14812,0
21129,0
23755,0
20776,0
10761,0
11974,0
1818,0
532,0
10440,1
13000,1
28919,0
1073,0
4053,0
17643,0
4224,0
23496,1
18284,0
15915,1
13159,0
10192,0
23561,0
11337,0
18620,0
1341,0
22939,0
5383,0
22956,0
26303,0
6619,0
21075,0
14548,0
9531,0
23864,1
26456,0
28503,0
13713,1
2968,1
29368,0
6137,0
1807,0
9964,0
10518,0
28010,0
28275,0
21216,0
23897,0
2054,0
8155,0
8951,0
23017,0
9156,0
13344,0
16450,0
23926,0
23589,0
19972,0
11348,0
1579,0
14927,0
18805,0
24843,0
23235,0
24663,0
20472,0
12627,0
9280,1
19789,0
4891,0
11121,0
28504,1
10051,0
3575,0
13978,0
25726,1
18350,1
28494,0
13151,0
7545,0
14121,0
29378,0
14672,1
13492,0
24664,1
8718,0
11198,0
12830,1
2539,0
4902,0
16585,1
13512,0
19106,1
5726,0
22876,0
10855,0
26100,0
14487,0
11016,0
26357,0
22599,0
5281,0
8274,0
4289,0
2436,1
6474,0
24766,1
4262,0
5903,0
16750,0
2631,0
14782,0
11887,0
25439,0
29729,1
9295,0
12605,0
26387,0
18686,0
25718,0
12571,0
14021,1
25205,0
22228,0
606,0
776,0
8092,0
22530,0
25642,0
23986,1
4110,0
21410,0
29015,0
17221,0
17880,1
26727,0
16114,0
3635,0
4309,0
2519,0
17915,0
10299,0
1842,1
21523,0
7497,0
25348,0
22199,0
14278,0
13968,0
25849,0
4430,0
27594,0
9880,0
20811,1
18229,0
19428,0
1604,0
25551,0
24343,1
5466,0
7820,0
20424,0
10767,0
9254,0
18477,0
11792,0
17151,0
26029,0
23899,1
20309,0
5591,0
19901,0
23533,1
23553,0
23030,0
2880,0
10893,0
21025,0
28100,1
25358,0
6418,0
758,1
1528,0
13957,1
17582,1
27468,1
5806,0
14868,1
11427,0
29115,1
13933,0
8442,0
9360,0
29536,0
4231,0
7856,0
5811,0
23345,0
10132,0
2959,0
20631,0
27382,0
2684,0
26788,0
17095,0
20304,0
12858,0
151,0
26749,0
21960,0
22464,0
27155,1
20936,0
20056,0
18667,0
24114,0
10823,1
22315,0
3485,0
13127,0
2415,1
29411,0
17854,0
17477,0
22319,0
23814,0
25332,0
10878,0
19100,0
7240,1
29919,0
23500,0
21416,0
29204,0
21199,1
23189,0
19314,0
24461,0
12125,0
9772,0
4591,1
29615,1
13910,0
8847,1
20775,1
11036,0
23808,0
7443,0
8485,0
7048,1
18530,0
17056,0
17755,0
29772,1
11798,0
17297,1
27704,1
3064,0
27527,1
27741,0
26144,0
2352,0
13469,1
20038,0
13319,0
29811,0
20672,1
8897,0
2891,0
14965,0
835,0
23974,0
18369,1
3809,0
21232,0
1497,1
21412,0
19348,0
18519,1
25845,1
27974,0
26339,0
1794,0
11842,0
3134,1
28965,0
25361,0
11567,0
11826,1
1837,0
6668,0
24128,0
12799,0
11946,0
20479,0
10221,0
24974,0
21121,0
19531,0
15125,0
3092,0
2964,0
8220,1
23811,0
12248,0
20383,0
11219,0
19299,0
28509,0
14004,0
23659,0
16736,0
15620,0
13394,0
18941,0
23219,0
29272,0
18990,0
17051,1
2726,0
1582,0
6676,0
17726,0
12266,0
18829,0
11137,0
1389,0
23685,0
13755,0
6626,0
28172,0
25640,0
28484,0
24437,0
24213,0
26271,1
9658,0
10770,0
5280,0
12537,1
4187,0
25951,0
25905,1
26161,0
17506,0
12714,0
5592,0
2130,0
14741,0
20458,0
14363,1
7313,0
6996,1
4423,0
11943,0
6304,0
29542,0
1668,1
11494,0
27758,1
4576,0
22780,0
25155,1
25011,0
4230,1
24041,0
15070,0
6987,0
18186,1
29645,0
26483,0
10096,0
13004,0
13285,0
10047,1
15638,0
23698,0
28818,0
10073,0
22239,0
3029,0
19380,0
25,0
8519,0
19185,0
2537,1
23773,0
11871,1
6787,0
1309,0
26967,0
19015,0
29067,0
9151,0
27716,0
25056,0
20646,1
1085,0
5270,0
4511,0
12084,1
11529,0
29618,0
12415,0
13353,0
25836,0
27268,1
25448,0
24206,0
11517,1
4852,1
21854,1
29762,0
7416,0
4401,0
9911,0
14813,1
11966,0
24056,0
17053,1
7905,0
20525,0
6889,0
18982,0
4468,0
17832,1
28817,0
10571,0
27149,0
20117,1
3864,1
8333,0
23531,0
20149,1
18831,0
11900,0
26434,0
1894,1
27494,1
15286,0
28570,0
20783,0
3986,1
19929,0
3332,0
14707,1
21286,0
23464,1
26816,0
5482,0
5288,0
6795,0
23635,0
26536,1
24930,0
18403,0
13599,0
15688,0
4038,0
20790,0
28194,0
1501,0
22603,0
14137,0
4679,0
28131,0
11910,0
17173,0
13302,0
22343,0
12162,0
22774,1
4264,1
4021,0
670,1
16250,0
28627,0
12089,0
18224,0
29426,0
9918,0
16016,0
9406,0
22232,0
23977,0
23701,0
13452,0
25084,0
20964,0
22396,0
8,0
3517,0
7041,0
13761,0
6123,1
13474,0
27316,0
24204,0
28202,1
2716,0
12529,0
10472,0
21535,0
4957,1
17164,0
20913,0
3441,0
16060,1
9953,1
22745,1
1933,0
9533,1
7638,0
25541,1
19052,0
8453,1
27660,1
26003,0
14289,1
25469,0
2534,0
24818,1
6511,0
362,0
19339,0
4088,0
29267,0
25211,0
10384,0
9663,0
26969,0
18356,0
22638,0
27272,0
18767,0
27240,0
25024,0
13815,0
25409,0
5385,0
23332,0
7268,0
2973,0
11851,1
1635,0
135,0
6922,0
29455,1
12112,0
4865,0
3187,0
112,0
20404,0
15951,1
12527,1
3522,0
14542,1
21840,0
5348,0
4912,0
20716,0
21474,0
2248,1
20842,0
10411,1
9007,1
8967,1
2556,0
23883,0
842,0
19073,0
20016,0
7525,0
12770,0
14029,0
25278,0
28651,0
27803,0
4345,0
13321,0
3696,0
10973,0
27928,0
8779,0
13037,0
16963,0
12067,1
21084,0
29420,0
27790,0
16336,0
28920,0
24908,1
23302,0
22485,0
6195,0
24607,0
10313,0
5440,0
13158,0
11952,0
2733,0
1405,0
27385,1
17437,0
23614,0
26258,0
2444,0
10790,0
4533,0
9866,1
24226,0
5183,0
17333,0
15585,0
3439,0
20958,0
28066,1
943,0
25851,1
26626,0
20380,0
2461,0
26110,0
19892,0
15970,1
15190,1
9865,0
7753,1
19219,0
24917,1
729,0
11499,0
4928,1
29778,1
8588,0
11315,1
5642,0
706,1
28942,0
13885,1
1820,0
10430,0
16691,1
18133,0
29635,0
16373,0
12214,0
10353,0
25517,0
15535,0
27513,0
22597,0
1659,0
13783,1
21703,0
4860,0
17396,0
5562,1
12348,0
24228,0
14600,0
12687,0
7374,1
27661,0
10111,0
